"id","execution time"
3672524,"100 msec"
3681483
3942338
3942386
4120824
4378630
4120672
4378864
4378791
4378833
4378691
4378941
4379091
4378972
4379174
4379583
5172445
4379691
4379729
4407578
4407883
4407518
4408062
5207872
5203611
5198966
5207873
5211832
5221038
5220149
5227084
5224657
5226481
5250854
5229830
5232975
5241743
5279908
5250629
5264277
5267790
5272910
5268725
5293899
5341669
5310309
5312124
5313874
5321836
5294701
5296709
5305097
5320498
5328126
5340890
5359181
5342034
5351171
5359922
5361268
5362144
